;год;;;;;;;wikipedia
1;;101;Новый год;ru;1;1 января;3774070;Новый_год
2;;101;Всемирный день мира;ru;2;1 января;0;Всемирный_день_мира
3;1959;201;Запущена первая автоматическая межпланетная станция «Луна-1»;ru;1;2 января;0;Луна-1
4;1929;301;Родился Гордон Мур, основатель корпорации Intel;ru;1;3 января;0;Мур,_Гордон
5;1956;301;Родился Мел Гибсон;ru;2;3 января;0;Гибсон,_Мел
6;1643;401;Родился Исаак Ньютон;ru;1;4 января;0;Ньютон,_Исаак
7;2004;401;Марсоход «Спирит» совершил посадку на Марсе;ru;2;4 января;0;Спирит_(марсоход)
8;;501;Родился Хаяо Миядзаки;ru;1;5 января;0;Миядзаки,_Хаяо
9;;501;Родился итальянский писатель Умберто Эко;ru;2;5 января;0;Эко,_Умберто
10;;601;Рождественский сочельник восточных христиан;ru;1;6 января;0;Сочельник
11;;701;Православное Рождество Христово;ru;1;7 января;0;Рождество_Христово
12;;701;Скончался изобретатель, физик Никола Тесла;ru;2;7 января;0;Тесла,_Никола
13;1935;801;День рождения Элвиса Пресли;ru;1;8 января;0;Пресли,_Элвис
14;1941;801;День рождения художника Бориса Вальехо;ru;2;8 января;0;Вальехо,_Борис
15;;1001;Ратифицирован Версальский договор, окончивший Первую мировую войну;ru;1;10 января;0;Версальский_договор
16;;1101;День Заповедников;ru;1;11 января;0;День_заповедников_и_национальных_парков
17;;1201;День работника прокуратуры РФ;ru;2;12 января;0;День_работника_прокуратуры_(Россия)
18;1976;1201;Скончалась английская писательница Агата Кристи;ru;1;12 января;0;Кристи,_Агата
19;;1301;День Российской Печати;ru;1;13 января;0;День_российской_печати
20;;1401;Старый Новый Год;ru;1;14 января;0;Старый_Новый_год
21;2001;1501;День Википедии;ru;1;15 января;0;История_Википедии
22;1891;1501;Родился Осип Эмильевич Мандельштам;ru;2;15 января;0;Мандельштам,_Осип_Эмильевич
23;;1601;День рождения британской супермодели Кейт Мосс;ru;1;16 января;0;Мосс,_Кейт
24;;1701;День рождения Бенжамина Франклина;ru;1;17 января;0;Франклин,_Бенджамин
25;;1901;Крещение Господне;ru;1;19 января;0;Крещение_Господне
26;;2001;Скончалась актриса  Одри Хепберн;ru;1;20 января;0;Хепбёрн,_Одри
27;1986;2101;День объятий;ru;1;21 января;0;День_объятий
28;;2101;День Инженерных Войск;ru;2;21 января;0;Инженерные_войска
29;;2201;Кровавое воскресенье 1905г.;ru;1;22 января;0;Кровавое_воскресенье_(1905)
30;;2301;Скончался Сальвадор Дали;ru;1;23 января;0;Дали,_Сальвадор
31;;2401;Начало I Зимних Олипийских Игр;ru;1;24 января;0;Олимпийские_игры
32;;2501;День рождения Владимира Высоцкого;ru;2;25 января;0;Высоцкий,_Владимир_Семёнович
33;;2501;День российского студенчества / Татьянин День;ru;1;25 января;0;Татьянин_день
34;;2501;День Штурмана ВМФ;ru;3;25 января;0;День_штурмана_ВМФ_РФ
35;;2601;Международный день таможенника;ru;1;26 января;0;Международный_день_таможенника
36;;2701;Международный день памяти жертв Холокоста;ru;2;27 января;0;Международный_день_памяти_жертв_Холокоста
37;1944;2701;День воинской славы России-Снятие блокады Ленинграда;ru;1;27 января;0;Блокада_Ленинграда
38;;2801;Катастрофа космического корабля «Челленджер»;ru;1;28 января;0;Катастрофа_шаттла_«Челленджер»
39;;2901;День рождения американской телеведущей Опры Уинфри;ru;1;29 января;0;Уинфри,_Опра
40;;3001;День рождения И.О. Дунаевского;ru;1;30 января;0;Дунаевский,_Исаак_Осипович
41;;3101;Открытие Московского зоопарка;ru;2;31 января;0;Московский_зоопарк
42;;3101;День рождения Ванги;ru;1;31 января;0;Ванга
43;1931;102;День рождения Б.Н.Ельцина;ru;1;1 февраля;0;Ельцин,_Борис_Николаевич
44;1943;202;День воинской славы России — День победы в Сталинградской битве;ru;1;2 февраля;0;Сталинградская_битва
45;;302;День рождения Веры Брежневой;ru;1;3 февраля;0;Брежнева,_Вера
46;;402;Всемирный день борьбы против рака;ru;1;4 февраля;0;Всемирный_день_борьбы_против_рака
47;;602;Международный день бармена;ru;1;6 февраля;0;Международный_день_бармена
48;;702;Церемония открытия зимних XXII Олимпийских Игр в Сочи 2014г.;ru;1;7 февраля;0;Церемония_открытия_зимних_Олимпийских_игр_2014
49;;802;День Российской Науки;ru;1;8 февраля;0;День_российской_науки
50;;802;День риэлтора;ru;2;8 февраля;0;День_риелтора
51;;902;Международный день стоматолога;ru;1;9 февраля;0;Международный_день_стоматолога
52;;902;Международный день гражданской авиации;ru;2;9 февраля;0;Международный_день_гражданской_авиации
53;;1002;День Дипломатического Работника;ru;2;10 февраля;0;День_дипломатического_работника
54;;1002;День памяти А.С. Пушкина;ru;1;10 февраля;0;Пушкин,_Александр_Сергеевич
55;;1102;Всемирный день больного ;ru;1;11 февраля;0;Всемирный_день_больного
56;1809;1209;День рождения Ч. Дарвина;ru;1;12 феварля;0;Дарвин,_Чарльз
57;1881;1209;День рождения русской балерины А.Павловой;ru;2;12 феварля;0;Павлова,_Анна_Павловна
58;;1302;День рождения баснописца И. А. Крылова;ru;1;13 февраля;0;Крылов,_Иван_Андреевич
59;;1402;День Святого Валентина / День Всех Влюбленных;ru;1;14 февраля;0;День_святого_Валентина
60;;1502;День памяти воинов-интернационалистов;ru;1;15 февраля;0;День_памяти_воинов-интернационалистов
61;1919;1602;Скончалась В.В.Холодная-актриса немого кино;ru;1;16 февраля;0;Холодная,_Вера_Васильевна
62;;1702;Скончался философ-поэт Джордано Бруно;ru;1;17 февраля;0;Джордано_Бруно
63;;1802;День транспортной милиции России;ru;1;18 февраля;0;День_транспортной_милиции_России
64;;1902;Всемирный день защиты китов;ru;2;19 февраля;0;Всемирный_день_китов_и_дельфинов
65;;1902;Китайский Новый год;ru;1;19 февраля;0;Китайский_Новый_год
66;;2002;Всемирный день социальной справедливости;ru;1;20 февраля;0;Всемирный_день_социальной_справедливости
67;;2102;Международный день родного языка;ru;2;21 февраля;0;Международный_день_родного_языка
68;;2102;"День рождения солиста группы ""Любе"" Н. Расторгуева";ru;1;21 февраля;0;Расторгуев,_Николай_Вячеславович
69;;2202;Международный день поддержки жертв преступлений;ru;1;22 февраля;0;Международный_день_поддержки_жертв_преступлений
70;;2302;День Защитника Отечества;ru;1;23 февраля;0;День_защитника_Отечества
71;;2402;"Первый выпуск программы ""Очевидное-невероятное""";ru;1;24 февраля;0;Очевидное_—_невероятное
72;;2502;День рождения Джорджа Харрисона;ru;1;25 февраля;0;Харрисон,_Джордж
73;;2602;День рождения французского писателя Виктора Гюго;ru;1;26 февраля;0;Гюго,_Виктор
74;;2702;День рождения Элизабет Тейлор;ru;1;27 февраля;0;Тейлор,_Элизабет
75;;2802;Международный день редких заболеваний;ru;1;28 февраля;0;Редкие_заболевания
76;;103;Всемирный день гражданской обороны;ru;4;1 марта;0;Международная_организация_гражданской_обороны
77;;103;День открытия переодической системы Менделеева;ru;1;1 марта;0;Периодическая_система_химических_элементов
78;;103;Скончался Владислав Листьев;ru;3;1 марта;0;Убийство_Владислава_Листьева
79;;103;День кошек в России;ru;2;1 марта;0;День_кошки
80;;203;День рождения основоположника педагогики К.Д.Ушинского;ru;1;2 марта;0;Ушинский,_Константин_Дмитриевич
81;;303;Всемирный день писателя;ru;1;3 марта;0;Всемирный_день_писателя
82;;403;Открытие памятника Минину и Пожарскому;ru;2;4 марта;0;Памятник_Минину_и_Пожарскому
83;;403;Скончался Н.В. Гоголь;ru;1;4 марта;0;Гоголь,_Николай_Васильевич
84;;503;Скончалась поэтесса Анна Ахматова;ru;1;5 марта;0;Ахматова,_Анна_Андреевна
85;;603;День рождения первой женщины космонавта В. Терешковой;ru;1;6 марта;0;Терешкова,_Валентина_Владимировна
86;;703;Скончался американский кинорежисер Стенли Кубрик;ru;1;7 марта;0;Кубрик,_Стэнли
87;;803;Международный Женский День;ru;1;8 марта;0;Международный_женский_день
88;;903;День рождения первого космонавта Юрия Гагарина;ru;1;9 марта;0;Гагарин,_Юрий_Алексеевич
89;;903;Международный день диджея;ru;2;9 марта;0;Диджей
90;;1003;День  рождения американской актрисы Шерон Стоун;ru;1;10 марта;0;Стоун,_Шэрон
91;;1003;День Архивов;ru;2;10 марта;0;День_архивов
92;;1103;День работника органов наркоконтроля;ru;1;11 марта;0;Федеральная_служба_Российской_Федерации_по_контролю_за_оборотом_наркотиков
93;;1203;День Работников Уголовно-Исполнительной Системы Минюста России;ru;2;12 марта;0;День_работников_уголовно-исполнительной_системы_Минюста
94;;1203;День рождения Лайзы Миннелли ;ru;1;12 марта;0;Миннелли,_Лайза
95;;1303;Всемирный день сна;ru;1;13 марта;0;Всемирный_день_сна
96;;1403;Международный день числа «Пи»;ru;1;14 марта ;0;День_числа_пи
97;;1403;Международный день действий против плотин;ru;2;14 марта ;0;Международный_день_действий_против_плотин
98;;1503;Всемирный день защиты прав потребителей;ru;1;15 марта;0;Всемирный_день_защиты_прав_потребителей
99;;1603;День службы ОБЭП;ru;2;16 марта;0;Отдел_по_борьбе_с_экономическими_преступлениями
100;;1603;День рождения изобретателя радио А.С. Попова;ru;1;16 марта;0;Попов,_Александр_Степанович
101;;1703;День рождения фломастера;ru;1;17 марта;0;Фломастер
102;;1803;Первый выход в космос(Леонов А.А.);ru;1;18 марта;0;Выход_в_открытый_космос
103;;1803;День рождение французского режисера Люка Бессона;ru;2;18 марта;0;Бессон,_Люк
104;;1903;День моряка-поводника;ru;2;19 марта;0;День_моряка-подводника
105;1955;1903;День рождения Брюса Уиллиса;ru;1;19 марта;0;Уиллис,_Брюс
106;;2003;Международный день астрологии;ru;3;20 марта;0;Международный_день_астрологии
107;;2003;Международный день счастья;ru;2;20 марта;0;Международный_день_счастья
108;;2003;День весеннего равноденствия;ru;1;20 марта;0;Равноденствие
109;;2103;Международный день лесов;ru;4;21 марта;0;Международный_день_лесов
110;;2103;Всемирный день поэзии;ru;3;21 марта;0;Всемирный_день_поэзии
111;;2103;Международный день человека с синдромом Дауна;ru;1;21 марта;0;Международный_день_человека_с_синдромом_Дауна
112;;2103;Международный день театра кукол;ru;2;21 марта;0;Международный_день_театра_кукол
113;;2203;День Балтийского моря;ru;1;22 марта;0;День_Балтийского_моря
114;;2303;День работников гидрометеорологической службы России;ru;2;23 марта;0;Всемирный_метеорологический_день
115;;2303;Скончалась Элизабет Тейлор;ru;1;23 марта ;0;Тейлор,_Элизабет
116;;2403;Скончался Жюль Верн;ru;1;24 марта;0;Верн,_Жюль
117;;2503;День работника культуры;ru;1;25 марта;0;День_работника_культуры_(Россия)
118;;2503;День рождения британскогоо певца Элтона Джона;ru;2;25 марта;0;Элтон_Джон
119;1944;2603;День рождения американской певицы Дайаны Росс ;ru;2;26 марта;0;Росс,_Дайана
120;;2603;Скончался Людвиг Ван Бетховен;ru;1;26 марта;0;Бетховен,_Людвиг_ван
121;;2703;День Внутренних Войск МВД России;ru;1;27 марта;0;День_внутренних_войск_МВД_России
122;;2703;Всемирный день театра;ru;2;27 марта;0;Всемирный_день_театра
123;;2703;День рождения Квентина Тарантино;ru;3;27 марта;0;Тарантино,_Квентин
124;;2703;Скончался первый космонавт Юрий Гагарин;ru;4;27 марта;0;Гагарин,_Юрий_Алексеевич
125;;2803;"Ежегодная акция бережного отношения к природе ""Час Земли""";ru;1;28 марта;0;Час_Земли
126;;2803;День рождения русского писателя Максима Горького;ru;2;28 марта;0;Максим_Горький
127;;2803;День рождения американской певицы Леди Гаги;ru;1;28 марта;0;Леди_Гага
128;;2903;День специалиста юридической службы;ru;1;29 марта;0;День_специалиста_юридической_службы
129;;3003;Скончалась Людмила Гурченко;ru;1;30 марта;0;Гурченко,_Людмила_Марковна
130;;3103;День рождения Рене Декарта;ru;1;31 марта;0;Декарт,_Рене
131;;104;День Смеха / День Дурака;ru;1;1 апреля;0;День_смеха
132;;104;Международный день птиц;ru;2;1 апреля;0;Международный_день_птиц
133;;104;День рождения Н.В. Гоголя;ru;3;1 апреля;0;Гоголь,_Николай_Васильевич
134;;104;Скончалась детская писательница Агния Барто;ru;4;1 апреля;0;Барто,_Агния_Львовна
135;;204;День Единения Народов Беларуси И России;ru;2;2 апреля;0;День_единения_народов
136;;204;Международный день детской книги;ru;1;2 апреля;0;Международный_день_детской_книги
137;;304;День рождения американского актера Марлона Брандо;ru;2;3 апреля;0;Брандо,_Марлон
138;;304;День рождения американского актера Эдди Мерфи;ru;1;3 апреля;0;Мерфи,_Эдди
139;;304;День рождения американского актера Алека Болдуина;ru;3;3 апреля;0;Болдуин,_Алек
140;;404;Всемирный День Интернета;ru;1;4 апреля;0;День_Интернета
141;;404;День роождения американского актера Роберта Дауни младшего;ru;2;4 апреля;0;Дауни,_Роберт_(младший)
142;;404;День рождения теле-радиоведущего Антона Камолова;ru;3;4 апреля;0;Комолов,_Антон_Игоревич
143;;504;День Геолога;ru;1;5 апреля;0;День_геолога
144;;604;День работника следственных органов;ru;1;6 апреля;0;День_работника_следственных_органов
145;;704;Всемирный день здоровья;ru;2;7 апреля;0;Всемирный_день_здоровья
146;;704;День рождения Рунета;ru;1;7 апреля;0;Рунет
147;1954;704;День рождения актера Джеки Чана;ru;3;7 апреля;0;Чан,_Джеки
148;;804;День сотрудников Военных комиссариатов;ru;1;8 апреля;0;Военный_комиссариат
149;;804;Международный день цыган;ru;2;8 апреля;0;Международный_день_цыган
150;;904;"Великий(""Чистый"") четверг- христианский праздник";ru;1;9 апреля;0;Великий_четверг
151;;1004;Международный день движения сопротивления;ru;1;10 апреля;0;Международный_день_движения_Сопротивления
152;;1104;Международный день освобождения узников фашистских концлагерей;ru;1;11 апреля;0;Международный_день_освобождения_узников_фашистских_концлагерей
153;;1204;Всемирный День Авиации И Космонавтики;ru;1;12 апреля;0;День_космонавтики
154;;1204;Православная Пасха;ru;2;12 апреля;0;Пасха
155;;1204;День войск противовоздушной обороны России;ru;3;12 апреля;0;День_войск_противовоздушной_обороны_(Россия)
156;;1204;День рождения росийского клуна-кошковода Ю. Куклачева;ru;4;12 апреля;0;Куклачёв,_Юрий_Дмитриевич
157;;1304;Всемирный день рок-н-ролла;ru;1;13 апреля;0;Рок-н-ролл
158;;1304;День рождения шахматиста Г. Каспарова;ru;2;13 апреля;0;Каспаров,_Гарри_Кимович
159;;1404;Скончался поэт В.Маяковский;ru;1;14 апреля;0;Маяковский,_Владимир_Владимирович
160;;1504;Родился Леонардо да Винчи;ru;2;15 апреля;0;Леонардо_да_Винчи
161;;1504;День рождения эстрадной певицы А. Б. Пугачевой;ru;1;15 апреля;0;Пугачёва,_Алла_Борисовна
162;1889;1604;День рождения Чарли Чаплина;ru;1;16 апреля;0;Чаплин,_Чарльз
163;;1704;Всемирный день гемофилии;ru;2;17 апреля;0;Всемирный_день_гемофилии
164;1242;1704;День воинской славы России — Ледовое побоище;ru;1;17 апреля;0;Ледовое_побоище
165;;1704;Всемирный день радиолюбителя;ru;3;17 апреля;0;Всемирный_день_радиолюбителя
166;1955;1804;Скончался физик Альберт Эйнштейн;ru;1;18 апреля;0;Эйнштейн,_Альберт
167;;1904;Скончался физик П.Кюри;ru;1;19 апреля;0;Кюри,_Пьер
168;;1904;Скончался ученый Ч. Дарвин;ru;2;19 апреля;0;Дарвин,_Чарлз
169;;2004;День рождения А. Гитлера;ru;1;20 апреля;0;Гитлер,_Адольф
170;;2104;День главого бухгалтера в России;ru;1;21 апреля;0;День_бухгалтера
171;1958;2104;День рождения американской актрисы Энди Макдауэлл;ru;2;21 апреля;0;Макдауэлл,_Энди
172;1910;2104;Скончался писатель Марк Твен;ru;3;21 апреля;0;Марк_Твен
173;;2204;Международный день земли;ru;4;22 апреля;0;День_Земли
174;1724;2204;День рождения философа Иммануила Канта;ru;3;22 апреля;0;Кант,_Иммануил
175;1870;2204;День рождения В.И. Ленина;ru;1;22 апреля;0;Ленин,_Владимир_Ильич
176;;2204;День секретаря;ru;2;22 апреля;0;День_профессиональных_административных_работников
177;1918;2304;День рождения писателя Мориса Дрюона;ru;2;23 апреля;0;Дрюон,_Морис
178;;2304;День рождения поэта драматурга Уильяма Шекспира;ru;1;23 апреля;0;Шекспир,_Уильям
179;;2404;Международный день солидарности молодежи;ru;2;24 апреля;0;Международный_день_солидарности_молодёжи
180;1952;2404;День рождение модельера Жан-Поля Готье;ru;1;24 апреля;0;Готье,_Жан-Поль
181;;2504;Всемирный день борьбы против малярии;ru;2;25 апреля;0;Всемирный_день_борьбы_против_малярии
182;;2504;День ДНК;ru;3;25 апреля;0;День_ДНК
183;1940;2504;День рождения актера Аль Пачино;ru;1;25 апреля;0;Пачино,_Аль
184;1986;2604;Авария на Чернобыльской АЭС;ru;1;26 апреля;0;День_памяти_погибших_в_радиационных_авариях_и_катастрофах
185;1969;2704;День рождение певца Стаса Михайлова;ru;2;27 апреля;0;Михайлов,_Стас
186;1933;2704;День рождения врача-хирурга Л.Рошаля;ru;1;27 апреля;0;Рошаль,_Леонид_Михайлович
187;;2704;День российского парламентаризма;ru;3;27 апреля;0;День_российского_парламентаризма
188;;2804;Всемирный день охраны труда;ru;1;28 апреля;0;Всемирный_день_охраны_труда
189;;2804;Скончался великий русский полководец М.И.Кутузов;ru;2;28 апреля;0;Кутузов,_Михаил_Илларионович
190;;2904;Международный день танца;ru;1;29 апреля;0;Международный_день_танца
191;;3004;День Пожарной Охраны;ru;3;30 апреля;0;День_пожарной_охраны_России
192;;3004;Вальпургиева ночь(Ночь ведьм);ru;2;30 апреля;0;Вальпургиева_ночь
193;;3004;Скончался Адольф Гитлер;ru;1;30 апреля;0;Гитлер,_Адольф
194;;105;Праздник Весны и Труда (День Труда);ru;1;1 мая;0;Первое_мая_(праздник)
195;;205;День рождения английского писателя Джером К. Джерома;ru;1;2 мая;0;Джером,_Джером_Клапка
196;;305;Всемирный день солнца;ru;1;3 мая;0;Всемирный_день_свободы_печати
197;;305;Деь молчания;ru;2;3 мая;0;День_молчания
198;;405;День рождения актрисы Одри Хепберн;ru;2;4 мая;0;Хепбёрн,_Одри
199;;405;"День ""Звездных войн""";ru;1;4 мая;0;День_Звёздных_войн
200;;505;Международный день борьбы за права инвалидов;ru;1;5 мая;0;Международный_день_борьбы_за_права_инвалидов
201;;505;Международный день акушерки;ru;2;5 мая;0;Международный_день_акушерки
202;;505;День водолаза в России;ru;1;5 мая;0;День_Водолаза
203;;505;День шифровальщика в России;ru;2;5 мая;0;День_шифровальщика
204;;605;День рождения психолога Зигмунда Фрейда;ru;1;6 мая;0;Фрейд,_Зигмунд
205;;605;Скончалась итальянский педагог Мария Монтессори;ru;2;6 мая;0;Монтессори,_Мария
206;;705;День Радио;ru;1;7 мая;0;День_радио
207;;705;День рождение композитора П.И.Чайковского;ru;2;7 мая;0;Чайковский,_Пётр_Ильич
208;;705;День работников уголовно-исполнительных инспекций ФСИН ;ru;3;7 мая;0;Федеральная_служба_исполнения_наказаний
209;;805;Скончался живописец Поль Гоген;ru;2;8 мая;0;Гоген,_Поль
210;;805;День рождения кинорежисера Валерия Тодоровского;ru;1;8 мая;0;Тодоровский,_Валерий_Петрович
211;;905;День Победы;ru;1;9 мая;16731919;День_Победы
212;;905;День рождения певца и поэта Б.Окуджавы;ru;2;9 мая;0;Окуджава,_Булат_Шалвович
213;;1005;Скончался русский писатель М. Е. Салтыков-Щедрин;ru;1;10 мая;0;Салтыков-Щедрин,_Михаил_Евграфович
214;;1105;День рождения художника  Сальвадора Дали;ru;1;11 мая;0;Дали,_Сальвадор
215;;1105;Скончался регги-музыкант Боб Марли;ru;2;11 мая;0;Марли,_Боб
216;;1205;Международный день медицинской сестры;ru;1;12 мая;0;Международный_день_медицинской_сестры
217;;1305;День Черноморского флота ВМФ России;ru;1;13 мая;0;Черноморский_флот_ВМФ_России
218;;1305;День конвоира;ru;2;13 мая;0;День_охранно-конвойной_службы
219;;1405;День рождения Марка Цукенберга;ru;1;14 мая;0;Цукерберг,_Марк
220;;1505;День отказника от военной службы;ru;1;15 мая;0;Международный_день_отказника_от_военной_службы_по_убеждениям_совести
221;;1605;День калмыцкого чая;ru;1;16 мая;0;День_калмыцкого_чая
222;;1605;Скончался писатель Шарль Перро;ru;2;16 мая;0;Перро,_Шарль
223;;1705;Всемирный день электросвязи и информационного общества;ru;2;17 мая;0;Всемирный_день_электросвязи_и_информационного_общества
224;;1705;Международный день борьбы с гомофобией;ru;1;17 мая;0;Международный_день_борьбы_с_гомофобией
225;;1805;Международный день музеев;ru;2;18 мая;0;Международный_день_музеев
226;;1805;День рождения философа Омар Хайяма;ru;1;18 мая;0;Омар_Хайям
227;;1805;День Балтийского флота ВМФ России;ru;1;18 мая;0;Балтийский_флот_ВМФ_России
228;;1905;День рождения телеведущей Леры Кудрявцевой;ru;1;19 мая;0;Кудрявцева,_Валерия_Львовна
229;;2005;Всемирный день метрологии;ru;3;20 мая;0;Всемирный_день_метрологии
230;;2005;День рождения советского авиаконструктора А.А. Туполева;ru;2;20 мая;0;Туполев,_Алексей_Андреевич
231;;2005;День рождения писателя Бориса Акунина;ru;1;20 мая;0;Борис_Акунин
232;;2105;День полярника;ru;1;21 мая;0;День_полярника
233;;2205;Международный день биологического разнообразия;ru;3;22 мая;0;Международный_день_биологического_разнообразия
234;;2205;День рождения английского писателя Артура Конан Дойля;ru;1;22 мая;0;Дойл,_Артур_Конан
235;;2205;Скончался писатель Виктор Гюго;ru;2;22 мая;0;Гюго,_Виктор
236;;2305;День рождения шахматиста А. Карпова;ru;1;23 мая;0;Карпов,_Анатолий_Евгеньевич
237;;2405;День славянской письменности;ru;1;24 мая;0;День_славянской_письменности_и_культуры
238;;2405;День кадрового работника;ru;2;24 мая;0;День_кадрового_работника
239;;2405;День Кирилла и Мефодия;ru;3;24 мая;0;Кирилл_и_Мефодий
240;;2505;День филолога;ru;2;25 мая;0;День_филолога
241;;2505;Праздник школьников - Последний звонок;ru;1;25 мая;0;Последний_звонок
242;;2505;День детей пропавших без вести;ru;3;25 мая;0;Пропавший_без_вести
243;;2605;День российского предпринимательства;ru;1;26 мая;0;День_российского_предпринимательства
244;;2705;Всероссийский День Библиотек;ru;1;27 мая;0;Общероссийский_день_библиотек
245;;2705;День города Санк-Петербурга;ru;1;27 мая;0;Санкт-Петербург
246;;2805;День Пограничника;ru;1;28 мая;0;День_пограничника
247;;2905;День военного автомобилиста;ru;1;29 мая;0;День_военного_автомобилиста
248;;2905;День ветеранов таможенной службы;ru;1;29 мая;0;День_ветеранов_таможенной_службы
249;;3005;День рождения русского полководца А.Невского;ru;2;30 мая;0;Александр_Ярославич_Невский
250;;3005;Скончалась Жанна д’Арк;ru;1;30 мая;0;Жанна_д’Арк
251;;3105;Всемирный день без табака;ru;1;31 мая;0;Всемирный_день_без_табака
252;;3105;День российской адвокатуры;ru;2;31 мая;0;День_российской_адвокатуры
253;;106;Международный день защиты детей;ru;1;1 июня ;0;Международный_день_защиты_детей
254;;106;День Северного флота ВМФ России;ru;2;1 июня ;0;Северный_флот_ВМФ_России
255;;306;День рождения российского нейрохирурга Н.Н. Бурденко;ru;1;3 июня;0;Бурденко,_Николай_Нилович
256;;406;Международный день невинных детей — жертв агрессии;ru;1;4 июня;0;Международный_день_невинных_детей_—_жертв_агрессии
257;;406;День рождения российского хоккеиста и тренера В.В.Тихонова;ru;2;4 июня;0;Тихонов,_Виктор_Васильевич
258;;406;День рождения актрисы Анджелины Джоли;ru;3;4 июня;0;Джоли,_Анджелина
259;;506;Всемирный день окружающей среды;ru;1;5 июня;0;Всемирный_день_окружающей_среды
260;;506;День эколога;ru;2;5 июня;0;День_эколога
261;1910;506;Скончался американский писатель О.Генри;ru;3;5 июня;0;О._Генри
262;2012;506;Скончался писатель Рей Брэдбери;ru;4;5 июня;0;Брэдбери,_Рэй
263;;606;Пушкинский День России/День русского языка;ru;1;6 июня;0;День_русского_языка
264;;606;День рождения А.С. Пушкина;ru;2;6 июня;0;Пушкин,_Александр_Сергеевич
265;;706;Международный день очистки водоемов;ru;1;7 июня;0;Международный_день_очистки_водоёмов
266;;806;День Социального Работника;ru;1;8 июня;0;День_социального_работника_(Россия)
267;;806;Всемирный день океанов;ru;2;8 июня;0;Всемирный_день_океанов
268;;806;День рождения первого доллорового миллиардера Д. Рокфеллера;ru;3;8 июня;0;Рокфеллер,_Джон_Дэвисон
269;;806;Скончался психолог А. Маслоу;ru;4;8 июня;0;Маслоу,_Абрахам_Харольд
270;;906;Международный день аккредитации;ru;1;9 июня;0;Международный_день_аккредитации
271;;906;День рождения императора Петра Великого;ru;2;9 июня;0;Пётр_I
272;;906;День рождения актера Джони Деппа;ru;3;9 июня;0;Депп,_Джонни
273;;1006;День рождения певицы Л. Зыкиной;ru;1;10 июня;0;Зыкина,_Людмила_Георгиевна
274;;1106;День рождения океанолога Жак-Ив Кусто;ru;1;11 июня;0;Кусто,_Жак-Ив
275;;1206;День России;ru;1;12 июня;0;День_России
276;;1206;День Работников Легкой Промышленности;ru;2;12 июня;0;Лёгкая_промышленность_России
277;;1306;День пивовара в России;ru;1;13 июня;0;Пиво_в_России
278;;1406;Всемирный день донора крови;ru;1;14 июня ;0;Всемирный_день_донора_крови
279;;1406;День работников миграционной службы;ru;2;14 июня ;0;День_работников_миграционной_службы
280;1946;1506;День рождения греческого певца Демиса Руссоса;ru;1;15 июня;0;Руссос,_Демис
281;1963;1606;Полет первой женщины космонавта В.В. Терешковой;ru;1;16 июня;0;Терешкова,_Валентина_Владимировна
282;;1706;Всемирный день борьбы с засухой;ru;1;17 июня;0;Всемирный_день_борьбы_с_опустыниванием_и_засухой
283;;1806;День рождения певца Пола Маккартни;ru;1;18 июня;0;Маккартни,_Пол
284;1985;1906;Скончалась советская певица М.В. Кристалинская;ru;1;19 июня;0;Кристалинская,_Майя_Владимировна
285;;2006;Всемирный день защиты слонов;ru;1;20 июня;0;Всемирный_день_защиты_слонов_в_зоопарках
286;;2106;День рождения Виктора Цоя;ru;1;21 июня;0;Цой,_Виктор_Робертович
287;;2106;Международный день скейтбординга;ru;3;21 июня;0;Международный_день_скейтбординга
288;;2106;День летнего солнцестояния;ru;2;21 июня;0;Равноденствие
289;;2106;День медицинского работника;ru;4;21 июня;0;День_медицинского_работника
290;;2206;День Памяти И Скорби;ru;1;22 июня;0;День_памяти_и_скорби
291;1941;2206;День начала Великой Отечественной войны;ru;2;22 июня;0;Великая_Отечественная_война
292;;2206;День рождения Мерил Стрип;ru;3;22 июня;0;Стрип,_Мерил
293;;2306;Международный Олимпийский день;ru;1;23 июня;0;Международный_Олимпийский_день
294;;2306;Государственный день ООН;ru;2;23 июня;0;День_государственной_службы_Организации_Объединённых_Наций
295;;2306;День рождения Валерия Меладзе;ru;3;23 июня;0;Меладзе,_Валерий_Шотаевич
296;;2406;День Парада Победы;ru;1;24 июня;0;Парад_Победы
297;;2406;Последний концерт Виктора Цоя;ru;2;24 июня;0;Цой,_Виктор_Робертович
298;2009;2506;Скончался Майкл Джексон;ru;1;25 июня;0;Джексон,_Майкл
299;;2506;Скончался океанолог Жак-Ив Кусто;ru;2;25 июня;0;Кусто,_Жак-Ив
300;;2606;День борьбы с наркотиками;ru;1;26 июня;0;Международный_день_борьбы_со_злоупотреблением_наркотическими_средствами_и_их_незаконным_оборотом
301;;2706;День Изобретателя И Рационализатора;ru;1;27 июня;0;День_изобретателя_и_рационализатора_(Россия)
302;;2706;День Молодежи России;ru;2;27 июня;0;День_молодёжи_(Россия)
303;;2806;День рождения гимнастки Ляйсан Утяшевой;ru;1;28 июня;0;Утяшева,_Ляйсан_Альбертовна
304;;2906;День партизан и подпольщиков;ru;1;29 июня;0;День_партизан_и_подпольщиков
305;1894;3006;Открыт лондонский мост Тауэр-Бридж;ru;1;30 июня;;Тауэрский_мост
306;1908;3006;Падение Тунгусского метеорита;ru;2;30 июня;0;Тунгусский_метеорит
307;1961;107;День рождения Принцессы Дианы;ru;1;1 июля;0;Диана,_принцесса_Уэльская
308;2009;107;Скончалась российская певица Л. Зыкина;ru;2;1 июля;0;Зыкина,_Людмила_Георгиевна
309;;207;Международный день спортивного журналиста;ru;1;2 июля;0;Международный_день_спортивного_журналиста
310;;207;День  рождения модельера Пьера Кардена;ru;2;2 июля;0;Карден,_Пьер
311;;307;День Государственной Автомобильной Инспекции Гаи (День ГИБДД);ru;1;3 июля;0;День_ГАИ_(ГИБДД)
312;;307;День рождения Тома Круза;ru;2;3 июля;0;Круз,_Том
313;;407;Международный день Днепра;ru;1;4 июля;0;Международный_день_Днепра
314;1986;507;Первые игры доброй воли в Москве;ru;1;5 июля;0;Игры_доброй_воли
315;;607;Всемирный день поцелую;ru;1;6 июля;0;Всемирный_день_поцелуя
316;;707;Иван Купала;ru;1;7 июля;0;Иван_Купала
317;1770;707;День воинской славый - Чесменское сражение;ru;2;7 июля;0;Чесменское_сражение
318;1962;707;День рождения певицы Ж. Агузаровой;ru;3;7 июля;0;Агузарова,_Жанна_Хасановна
319;1929;707;День рождения нейрофизиолога Н.П. Бехтеревой;ru;4;7 июля;0;Бехтерева,_Наталья_Петровна
320;;807;День семьи, любви и верности;ru;1;8 июля;0;День_Петра_и_Февронии
321;;807;День рождения физика П.Л. Капица;ru;2;8 июля;0;Капица,_Пётр_Леонидович
322;1877;907;Первый тенисный турнир в Уимблдоне;ru;1;9 июля;0;Уимблдон
323;1956;907;День рождения актера Тома Хенкса;ru;2;9 июля;0;Хэнкс,_Том
324;1709;1007;День воинской славый - Полтавская битва;ru;1;10 июля;0;Полтавская_битва
325;1947;1007;"День рождения И. Олейникова- ""Городок""";ru;2;10 июля;0;Олейников,_Илья_Львович
326;1957;1007;"День рождения Ю. Стоянов- ""Городок""";ru;3;10 июля;0;Стоянов,_Юрий_Николаевич
327;;1107;Всемирный день шоколада;ru;1;11 июля;0;Всемирный_день_шоколада
328;;1207;День Российской Почты;ru;1;12 июля;0;День_российской_почты
329;;1207;День фотографа;ru;2;12 июля;0;Святая_Вероника
330;;1207;День рыбака;ru;3;12 июля;0;День_рыбака
331;;1307;Открытие надписи HOLLY WOOD;ru;1;13 июля;0;Знак_Голливуда
332;;1407;День рождения певицы Пелагеи;ru;1;14 июля;0;Пелагея_(певица)
333;;1507;Скончался модельер Джанни Версаче;ru;1;15 июля;0;Версаче,_Джанни
334;;1607;День рождения Григория Лепса;ru;1;16 июля;0;Лепс,_Григорий_Викторович
335;;1707;День военно-морской авиации;ru;1;17 июля;0;Авиация_Военно-Морского_Флота_Российской_Федерации
336;;1707;День этнографа;ru;2;17 июля;0;День_этнографа
337;;1807;День хозяйственной службы органов внутренних дел России;ru;1;18 июля;0;День_хозяйственной_службы_органов_внутренних_дел_Российской_Федерации
338;;1907;День металлурга;ru;1;19 июля;0;День_металлурга
339;;1907;День юридической службы Министерства внутренних дел РФ;ru;2;19 июля;0;День_юридической_службы_министерства_внутренних_дел_Российской_Федерации
340;;1907;День рождения В.В.Маяковского;ru;3;19 июля;0;Маяковский,_Владимир_Владимирович
341;;2007;Международный день шахмат;ru;1;20 июля;0;Международный_день_шахмат
342;;2007;День Перуна;ru;2;20 июля;0;Перун
343;1973;2007;Скончался  Брюс Ли;ru;3;20 июля;0;Ли,_Брюс
344;1969;2107;Человек впервые ступил на Луну (Нил Армстронг);ru;1;21 июля;0;Армстронг,_Нил
345;1951;2207;День рождения Олега Газманова;ru;1;22 июля;0;Газманов,_Олег_Михайлович
346;1966;2207;День рождения Ивана Охлобыстина;ru;2;22 июля;0;Охлобыстин,_Иван_Иванович
347;;2307;Всемирный день китов и дельфинов;ru;1;23 июля;0;Всемирный_день_китов_и_дельфинов
348;;2407;День  рождения писателя А.Дюма (отец);ru;1;24 июля;0;Дюма,_Александр_(отец)
349;;2507;Скончался Владимир Высокций;ru;1;25 июля;0;Высоцкий,_Владимир_Семёнович
350;;2507;День Работника Торговли;ru;1;25 июля;0;День_работников_торговли,_бытового_обслуживания_населения_и_жилищно-коммунального_хозяйства
351;;2507;День сотрудника органов следствия РФ;ru;2;25 июля;0;День_сотрудника_органов_следствия_Российской_Федерации
352;;2507;Всемирный день улыбки;ru;3;25 июля;0;Всемирный_день_улыбки
353;;2607;День военно-морского флота;ru;1;26 июля;0;День_Военно-Морского_Флота
354;;2607;День парашютиста;ru;2;26 июля;0;День_парашютиста
355;1928;2607;День рождения кинорежисера Стенли Кубрика;ru;3;26 июля;0;Кубрик,_Стэнли
356;;2707;День  рождения гамбургера;ru;1;27 июля;0;Гамбургер
357;;2807;День крещения Руси;ru;1;28 июля;0;День_крещения_Руси
358;;2807;День PR - Специалиста;ru;2;28 июля;0;Политтехнолог
359;;2907;Международный день тигра;ru;1;29 июля;0;Международный_день_тигра
360;;2907;День рождения Игоря Крутого;ru;2;29 июля;0;Крутой,_Игорь_Яковлевич
361;;3007;Межународный день дружбы;ru;1;30 июля;0;Международный_день_ООН
362;;3107;День системного администратора;ru;1;31 июля;0;День_системного_администратора
363;;3107;День рождения актера Луи Де Фюнеса;ru;2;31 июля;0;Фюнес,_Луи_де
364;;108;День Тыла Вооруженных Сил РФ;ru;1;1 августа;0;День_тыла_вооружённых_сил_Российской_Федерации
365;;108;День памяти жертв I Мировой Войны;ru;2;1 августа;0;День_памяти_жертв_Первой_мировой_войны
366;;108;День рождения модельера Ив Сен-Лорана;ru;3;1 августа;0;Сен-Лоран,_Ив
367;;208;День Воздушно-Десантных Войск (День Десантника);ru;1;2 августа;0;День_Воздушно-десантных_войск
368;;208;День Железнодорожника;ru;2;2 августа;0;День_железнодорожника
369;;208;Ильин день - православный праздник;ru;3;2 августа;0;Ильин_день
370;;308;Скончался актер И.М. Смоктуновский;ru;1;3 августа;0;Смоктуновский,_Иннокентий_Михайлович
371;;408;День рождения музыканта Луи Армстронга;ru;1;4 августа;0;Армстронг,_Луи
372;;508;Скончалась Мэрилин Монро;ru;1;5 августа;0;Мэрилин_Монро
373;;608;День Железнодорожных Войск;ru;1;6 августа;0;День_железнодорожных_войск
374;1960;708;День  рождения актура Девида Духовны;ru;1;7 августа;0;Духовны,_Дэвид
375;1975;708;День рождения актрисы Шарли Терон;ru;2;7 августа;0;Терон,_Шарлиз
376;1947;708;День рождения певицы Софии Ротару;ru;3;7 августа;0;Ротару,_София_Михайловна
377;;808;День физкультурника;ru;1;8 августа;0;День_физкультурника
378;;908;Международный день коренных народов мира;ru;1;9 августа;0;Международный_день_коренных_народов_мира
379;;908;Дни воинской славы России - Гангутское сражени;ru;2;9 августа;0;Дни_воинской_славы_России
380;;908;День строителя;ru;3;9 августа;0;День_строителя_(СССР)
381;;908;День рождения актрисы Одри Тату;ru;4;9 августа;0;Тоту,_Одри
382;1960;1008;День рождения актера Антонио Бандераса;ru;1;10 августа;0;Бандерас,_Антонио
383;;1108;День рождения психотерапевта А.М. Кашпировксого;ru;1;11 августа;0;Кашпировский,_Анатолий_Михайлович
384;;1208;День Военно-Воздушных Сил;ru;1;12 августа;0;День_Военно-воздушных_сил
385;;1208;Международный день молодежи;ru;2;12 августа;0;Международный_день_молодёжи
386;;1308;Международный день левши;ru;1;13 августа;0;Международный_день_левши
387;1899;1308;День рождения А.Хичкока;ru;2;13 августа;0;Хичкок,_Альфред
388;;1308;День рождения певца Стаса Пьехи;ru;3;13 августа;0;Пьеха,_Станислав_Пятрасович
389;;1408;Медовый спас;ru;1;14 августа;0;Медовый_Спас
390;;1508;День археолога;ru;1;15 августа;0;День_археолога
391;1990;1508;Скончался певец Виктор Цой;ru;2;15 августа;0;Цой,_Виктор_Робертович
392;;1608;День Воздушного Флота России;ru;1;16 августа;0;День_Воздушного_Флота_России
393;1958;1608;День рождения певицы Мадонны;ru;2;16 августа;0;Мадонна_(певица)
394;1977;1608;Скончался певец Элвис Персли;ru;3;16 августа;0;Пресли,_Элвис
395;1943;1708;День рождения актера Роберта Де Ниро;ru;1;17 августа;0;Де_Ниро,_Роберт
396;1969;1808;День рождения актера Кристиана Слейтора;ru;1;18 августа;0;Слэйтер,_Кристиан
397;1969;1808;День рождения актера Эдварда Нортона;ru;2;18 августа;0;Нортон,_Эдвард
398;;1808;День авиации;ru;3;18 августа;0;День_Авиации
399;;1908;Всемирный день гуманитарной помощи;ru;1;19 августа;0;Всемирный_день_гуманитарной_помощи
400;;1908;Яблочный спас;ru;2;19 августа;0;Яблочный_Спас
401;;1908;День рождения русской тельняшки;ru;3;19 августа;0;Тельняшка
402;;2008;Скончался певец Джо Дассен;ru;1;20 августа;0;Дассен,_Джо
403;1911;2108;"Кража картины ""Мона Лиза"" из Лувра";ru;1;21 августа;0;Мона_Лиза
404;;2208;День Государственного Флага РФ;ru;1;22 августа;0;День_Государственного_флага_Российской_Федерации
405;1920;2208;День рождения писателя Рея Брэдбери;ru;2;22 августа;0;Брэдбери,_Рэй
406;;2308;День памяти жертв сталинизма и нацизма;ru;1;23 августа;0;Европейский_день_памяти_жертв_сталинизма_и_нацизма
407;;2308;День воинской славы - Курская битва;ru;2;23 августа;0;Курская_битва
408;;2308;День памяти жертв работорговли;ru;3;23 августа;0;Международный_день_памяти_жертв_работорговли_и_её_ликвидации
409;;2408;День рождения чипсов;ru;1;24 августа;0;Чипсы
410;1930;2508;День рождения актера Шона Коннери;ru;1;25 августа;0;Коннери,_Шон
411;1970;2508;День рождения актрисы Клудии Шифер;ru;2;25 августа;0;Шиффер,_Клаудия
412;1910;2608;День рождения Мать Терезы;ru;1;26 августа;0;Мать_Тереза
413;;2608;Скончалась певица Анна Герман;ru;2;26 августа;0;Герман,_Анна_Виктория
414;;2708;День Кино России;ru;1;27 августа;0;День_российского_кино
415;;2708;День рождения актрисы Фаины Раневской;ru;2;27 августа;0;Раневская,_Фаина_Георгиевна
416;1958;2908;День  рождения Майкла Джексона;ru;1;29 августа;0;Джексон,_Майкл
417;;3008;День пропавших без вести;ru;1;30 августа;0;Пропавший_без_вести
418;;3008;День шахтера;ru;2;30 августа;0;День_шахтёра
419;1997;3108;Скончалась в автомобильной аварии принцесса Диана;ru;1;31 августа;0;Диана,_принцесса_Уэльская
420;;109;День Знаний;ru;1;1 сентября;0;День_знаний
421;;209;День Российской Гвардии;ru;1;2 сентября;0;Русская_гвардия
422;;209;День окончания Второй мировой войны;ru;2;2 сентября;0;Вторая_мировая_война
423;;209;День патрульно-постовой службы;ru;3;2 сентября;0;ГУОООП_МВД_РФ
424;;209;День рождения актера Киану Ривза;ru;4;2 сентября;0;Ривз,_Киану
425;;309;День Солидарности В Борьбе С Терроризмом, ;ru;1;3 сентября;0;День_солидарности_в_борьбе_с_терроризмом
426;;409;День специалиста по ядерному обеспечению РФ;ru;1;4 сентября;0;День_специалиста_по_ядерному_обеспечению_России
427;;509;Скончалась Мать Тереза;ru;1;5 сентября;0;Мать_Тереза
428;;609;День нефтяника;ru;1;6 сентября;0;День_работников_нефтяной,_газовой_и_топливной_промышленности
429;;709;Всемирный день уничтожения военной игрушки;ru;1;7 сентября;0;Всемирный_день_уничтожения_военной_игрушки
430;;809;Международный день грамотности;ru;1;8 сентября;0;Международный_день_грамотности
431;;809;Международный день солидарности журналистов;ru;2;8 сентября;0;Международный_день_солидарности_журналистов
432;;809;День финансиста в РФ;ru;3;8 сентября;0;День_финансиста
433;;909;День тестировщика;ru;1;9 сентября;0;День_тестировщика
434;;1009;Всемирный день предотвращения самоубийств;ru;1;10 сентября;0;Всемирный_день_предотвращения_самоубийств
435;;1109;Всероссийский день трезвости;ru;1;11 сентября;0;Трезвость
436;1862;1109;День рождения американского писателя О.Генри;ru;2;11 сентября;0;О._Генри
437;;1209;День программиста;ru;1;12 сентября;0;День_программиста
438;;1309;День танкиста;ru;1;13 сентября;0;День_танкиста
439;1923;1309;День рождения Зои Космодемьянской;ru;2;13 сентября;0;Космодемьянская,_Зоя_Анатольевна
440;1965;1409;День рождения политика Д.А. Медведева;ru;1;14 сентября;0;Медведев,_Дмитрий_Анатольевич
441;2009;1409;Скончался актер Патрик Суэйзи;ru;2;14 сентября;0;Суэйзи,_Патрик
442;;1509;Международный день демократии;ru;1;15 сентября;0;Международный_день_демократии
443;1890;1509;День рождения писательницы Агаты Кристи;ru;2;15 сентября;0;Кристи,_Агата
444;;1609;Международный день охраны озонового слоя;ru;1;16 сентября;0;Международный_день_охраны_озонового_слоя
445;1980;1609;Скончался психолог Жан Пиаже;ru;2;16 сентября;0;Пиаже,_Жан
446;1832;1709;День рождения врача С.П. Боткина;ru;1;17 сентября;0;Боткин,_Сергей_Петрович
447;;1809;Всемирный день мониторинга качества воды;ru;1;18 сентября;0;World_Water_Monitoring_Day
448;;1909;Международный пиратский день;ru;1;19 сентября;0;Международный_пиратский_день
449;;2009;День работников леса;ru;1;20 сентября;0;День_работников_леса_и_лесоперерабатывающей_промышленности
450;;2009;Трагедия в Кармадонском ущелье-скончался С. Бодров;ru;2;20 сентября;0;Бодров,_Сергей_Сергеевич
451;1380;2109;День воинской славы-Куликовская битва;ru;1;21 сентября;0;Куликовская_битва
452;;2109;Международный день мира;ru;2;21 сентября;0;Международный_день_мира
453;;2209;Всемирный день без автомобиля;ru;1;22 сентября;0;День_без_автомобиля
454;;2309;День осеннего равноденствия;ru;1;23 сентября ;0;Равноденствие
455;1943;2309;День рождения Хулио Иглесиаса;ru;2;23 сентября ;0;Иглесиас,_Хулио
456;1939;2309;Скончался психолог  Зигмунд Фрейд;ru;3;23 сентября ;0;Фрейд,_Зигмунд
457;;2309;День образования информационных подразделений РФ;ru;4;23 сентября ;0;День_образования_информационных_подразделений_МВД_России
458;;2409;Международный день каравнщика;ru;1;24 сентября;0;Международный_день_караванщика
459;;2409;Всемирный день моря;ru;2;24 сентября;0;Всемирный_день_моря
460;1944;2509;День рождения актера Майкла Дугласа;ru;1;25 сентября;0;Дуглас,_Майкл
461;1969;2509;День рождения актрисы Кетрин Зета-Джонс;ru;2;25 сентября;0;Зета-Джонс,_Кэтрин
462;1968;2509;День рождения актера Уила Смита;ru;3;25 сентября;0;Смит,_Уилл
463;;2609;Европейский день языков;ru;1;26 сентября;0;Европейский_день_языков
464;;2609;Всемирный день контрацепции;ru;2;26 сентября;0;Всемирный_день_контрацепции
465;;2709;День машиностроителя;ru;1;27 сентября;0;День_машиностроителя
466;;2709;День Воспитателя;ru;2;27 сентября;0;День_работников_дошкольного_образования
467;;2709;Всемирный день туризма;ru;3;27 сентября;0;Всемирный_день_туризма
468;;2709;Международный день глухих;ru;4;27 сентября;0;Международный_день_глухих
469;1917;2709;Скончался художник Эдгар Дега;ru;5;27 сентября;0;Дега,_Эдгар
470;1972;2709;День рождения актрисы Гвинет Пелтроу;ru;6;27 сентября;0;Пэлтроу,_Гвинет
471;;2809;День работника атомной промышленности;ru;1;28 сентября;0;День_работника_атомной_промышленности
472;1934;2809;День рождения актрисы Брижит Бардо;ru;2;28 сентября;0;Бардо,_Брижит
473;1924;2809;День рождения актера Марчело Мастрояни;ru;3;28 сентября;0;Мастроянни,_Марчелло
474;1963;2809;"День рождения ""Динамита"" - В.Е. Турчинского";ru;4;28 сентября;0;Турчинский,_Владимир_Евгеньевич
475;1902;2909;Скончался писатель Эмиль Золя;ru;1;29 сентября;0;Золя,_Эмиль
476;1930;2909;Сконался художник Илья Репин;ru;2;29 сентября;0;Репин,_Илья_Ефимович
477;;3009;Международный день переводчика;ru;1;30 сентября;0;Международный_день_переводчика
478;;3009;День Интернета России (День Рунета);ru;2;30 сентября;0;День_Интернета
479;1941;3009;Начало битвы за Моску в ВОВ;ru;3;30 сентября;0;Битва_за_Москву
480;;110;Международный День Пожилых Людей;ru;1;1 октября;0;Международный_день_пожилых_людей
481;;110;Международный день музыка;ru;2;1 октября;0;Международный_день_музыки
482;;110;Всемирный день вегетарианства;ru;3;1 октября;0;Всемирный_день_вегетарианства
483;;110;День сухопутныйх войск;ru;4;1 октября;0;День_Сухопутных_войск_(Россия)
484;;210;Международный день ненасилия;ru;1;2 октября;0;Международный_день_ненасилия
485;;210;Всемирный день улыбки;ru;2;2 октября;0;Всемирный_день_улыбки
486;1869;210;День рождения философа Махатма Ганди;ru;3;2 октября;0;Махатма_Ганди
487;;210;Скончался писатель и актер В.М. Шукшин;ru;4;2 октября;0;Шукшин,_Василий_Макарович
488;;310;День ОМОНа в России;ru;1;3 октября;0;День_ОМОН
489;1895;310;День рождения поэта Сергея Есенина;ru;2;3 октября;0;Есенин,_Сергей_Александрович
490;;410;День Военно-Космических Сил России;ru;1;4 октября;0;День_космических_войск_России
491;;410;День Войск Гражданской Обороны МЧС РФ;ru;2;4 октября;0;МЧС_России
492;;410;Всемирный день защиты животных;ru;3;4 октября;0;Всемирный_день_защиты_животных
493;;410;День рождения актрисы Алисии Сильверстоун;ru;4;4 октября;0;Сильверстоун,_Алисия
494;;510;День Учителя;ru;1;5 октября;0;День_учителя
495;;510;День Работников Уголовного Розыска;ru;2;5 октября;0;День_работников_уголовного_розыска_России
496;;510;Всемирный день жилища;ru;3;5 октября;0;Всемирный_день_Хабитат
497;;510;Всемирный день архитектуры;ru;4;5 октября;0;Всемирный_день_архитектуры
498;;510;День рождения актрисы Кейт Уинслет;ru;5;5 октября;0;Уинслет,_Кейт
499;;610;День Российского страховщика;ru;1;6 октября;0;День_российского_страховщика
500;;610;Всемирный день охраны мест обитания;ru;2;6 октября;0;Всемирный_день_охраны_мест_обитаний
501;1977;610;Первый полет истребителя МиГ-29;ru;3;6 октября;0;МиГ-29
502;1991;610;Убит певец Игорь Тальков;ru;4;6 октября;0;Тальков,_Игорь_Владимирович
503;1885;710;День рождения физика Нильса Бора;ru;1;7 октября;0;Бор,_Нильс
504;1849;710;Скончался писатль Эдгар А. По;ru;2;7 октября;0;По,_Эдгар_Аллан
505;;810;День командира корабля;ru;1;8 октября;0;День_командира_надводного,_подводного_и_воздушного_корабля
506;1871;810;День рождения спортсмена И. Поддубного;ru;2;8 октября;0;Поддубный,_Иван_Максимович
507;1892;810;День рождения поэтессы М. Цветаевой;ru;3;8 октября;0;Цветаева,_Марина_Ивановна
508;1970;810;День рождения актера Метта Деймонда;ru;4;8 октября;0;Деймон,_Мэтт
509;;910;Всемирный день почты;ru;1;9 октября;0;Всемирный_день_почты
510;;910;Всемирный день яйца;ru;2;9 октября;0;Всемирный_день_яйца
511;1967;910; Скончался Эрнесто Че Гевара;ru;3;9 октября;0;Че_Гевара,_Эрнесто
512;;1010;Всемирный день психического здоровья;ru;1;10 октября;0;Всемирный_день_психического_здоровья
513;1984;1010;"День рождения основателя ""Вконтакте"" - П.В. Дурова";ru;2;10 октября;0;Дуров,_Павел_Валерьевич
514;;1110;Международный день девочек;ru;1;11 октября;0;Международный_день_девочек
515;;1110;Всемирный день зрения;ru;2;11 октября;0;Всемирный_день_зрения
516;1994;1110;"""Черный вторник""-обвальное падение рубля(1994)";ru;3;11 октября;0;Чёрный_вторник_(1994)
517;;1210;День кадрового работника;ru;1;12 октября;0;День_кадрового_работника
518;1935;1210;День тождения тенора Л. Паваротти;ru;2;12 октября;0;Паваротти,_Лучано
519;1925;1310;"День рождения ""Железной леди""-Маргарет Тетчер";ru;1;13 октября;0;Тэтчер,_Маргарет
520;1934;1310;День рождения актера РСФСР -С. Крамарова;ru;2;13 октября;0;Крамаров,_Савелий_Викторович
521;;1410;Всемирный день стандарта;ru;1;14 октября;0;Всемирный_день_стандартов
522;2012;1410;Первый прыжок из стратосферы;ru;2;14 октября;0;Баумгартнер,_Феликс
523;1963;1410;День рождения модельера В.Юдашкина;ru;3;14 октября;0;Юдашкин,_Валентин_Абрамович
524;;1510;Международный день сельской женщины;ru;1;15 октября;0;Международный_день_сельских_женщин
525;1917;1510;День казни Маты Хари;ru;2;15 октября;0;Мата_Хари
526;1814;1510;День рождения писателя М.Ю. Лермонтова;ru;3;15 октября;0;Лермонтов,_Михаил_Юрьевич
527;1844;1510;День рождения философа Ф. Ницше;ru;4;15 октября;0;Ницше,_Фридрих
528;1976;1510;День рождения певца Н. Баскова;ru;5;15 октября;0;Басков,_Николай_Викторович
529;;1610;День босса/День шефа;ru;1;16 октября;0;День_босса
530;;1610;Всемирный день продовольствия;ru;2;16 октября;0;Всемирный_день_продовольствия
531;1962;1610;День рождения певца Д. Хворостовского(баритон);ru;3;16 октября;0;Хворостовский,_Дмитрий_Александрович
532;1968;1610;День рождения певца Ильи Лагутенко(Мумий Тролль);ru;4;16 октября;0;Лагутенко,_Илья_Игоревич
533;;1710;Международный день борьбы за ликвидацию нищеты;ru;1;17 октября;0;Международный_день_борьбы_за_ликвидацию_нищеты
534;1972;1710;День рождения певца Эминема;ru;2;17 октября;0;Эминем
535;;1810;День работника пищевой промышленности;ru;1;18 октября;0;День_работников_пищевой_промышленности
536;1960;1810;День рождения актера Жан-Клод Ван Дамма;ru;2;18 октября;0;Ван_Дамм,_Жан-Клод
537;;1910;Всероссийский день лицеистов;ru;1;19 октября;0;Дело_лицеистов
538;1987;1910;"""Черный понедельник""-биржевой крах (1987)";ru;2;19 октября;0;Чёрный_понедельник_(1987)
539;1952;1910;День рождения актрисы Вероники Кастро;ru;3;19 октября;0;Кастро,_Вероника
540;1962;1910;День рождения боксера Эвандера Хоолифилда;ru;4;19 октября;0;Холифилд,_Эвандер
541;;2010;Международный день авиадиспетчера;ru;1;20 октября;0;Международный_день_авиадиспетчера
542;;2010;День Войск Связи Вооруженных Сил РФ;ru;2;20 октября;0;День_военного_связиста
543;1945;2110;День рождения режиссера Н.С. Михалкова;ru;1;21 октября;0;Михалков,_Никита_Сергеевич
544;1833;2110;День рождения Альфреда Нобеля;ru;2;21 октября;0;Нобель,_Альфред
545;1929;2210;День рождения легендарного вратаря Льва Яшина;ru;1;22 октября;0;Яшин,_Лев_Иванович
546;1844;2210;День рождения актрисы Сары Бернар;ru;2;22 октября;0;Бернар,_Сара
547;;2310;День работников рекламы;ru;1;23 октября;0;День_работников_рекламы
548;1920;2310;День рождения писателя Джанни Родари;ru;2;23 октября;0;Родари,_Джанни
549;;2410;День ООН;ru;1;24 октября;0;День_Организации_Объединённых_Наций
550;;2410;День Соединений И Частей Специального Назначения;ru;2;24 октября;0;День_подразделений_специального_назначения
551;;2410;Всемирный день информации о развитии;ru;3;24 октября;0;Всемирный_день_информации_о_развитии
552;1960;2410;День памяти погибших ракетчиков на Байконур (1960);ru;4;24 октября;0;Катастрофа_на_Байконуре_(1960)
553;;2510;День Таможенника РФ;ru;1;25 октября;0;День_таможенника_Российской_Федерации
554;;2510;День автомобилиста;ru;2;25 октября;0;День_автомобилиста
555;;2510;День рождения художника Пабло Пикассо;ru;3;25 октября;0;Пикассо,_Пабло
556;;2610;День открытия Малого театра в Москве;ru;1;26 октября;0;Малый_театр
557;1728;2710;День рождения мореплавателя Джеймса Кука;ru;1;27 октября;0;Кук,_Джеймс
558;1782;2710;День рождения композитора Никколо Паганини;ru;2;27 октября;0;Паганини,_Никколо
559;1855;2710;День рождения биолога И.В. Мичурина;ru;3;27 октября;0;Мичурин,_Иван_Владимирович
560;;2810;Международный день анимации;ru;1;28 октября;0;Международный_день_анимации
561;1955;2810;День рождения миллиардера Билла Гейтса;ru;2;28 октября;0;Гейтс,_Билл
562;1967;2810;День рождения актрисы Джулии Робертс;ru;3;28 октября;0;Робертс,_Джулия
563;1969;2810;Скончался детский писатель К.И. Чуковский;ru;4;28 октября;0;Чуковский,_Корней_Иванович
564;;2910;День Работников Службы Вневедомственной Охраны МВД;ru;1;29 октября;0;День_вневедомственной_охраны
565;;3010;День Инженера-Механика;ru;1;30 октября;0;30_октября
566;;3010;День Памяти Жертв Политических Репрессий;ru;2;30 октября;0;День_памяти_жертв_политических_репрессий
567;1960;3010;День рождения футболиста Диего Марадоны;ru;3;30 октября;0;Марадона,_Диего_Армандо
568;;3110;"""День всех святых""- Хэллоуин";ru;1;31 октября;0;Хэллоуин
569;;3110;День работников СИЗО и тюрем;ru;2;31 октября;0;День_работников_СИЗО_и_тюрем
570;;3110;День реформации;ru;3;31 октября;0;День_Реформации
571;;3110;День сурдопереводчика;ru;4;31 октября;0;Сурдопереводчик
572;;111;Международный день вегана;ru;1;1 ноября;0;Международный_веганский_день
573;;111;День судебного пристава;ru;2;1 ноября;0;День_судебного_пристава
574;1957;211;Запуск космического корабля с собакой Лайкой;ru;1;2 ноября;0;Спутник-2
575;1982;311;День рождения фигуриста Е. Плющенко;ru;1;3 ноября;0;Плющенко,_Евгений_Викторович
576;;411;День Народного Единства;ru;1;4 ноября;0;День_народного_единства
577;1956;411;День рождения певца Игоря Талькова;ru;2;4 ноября;0;Тальков,_Игорь_Владимирович
578;;511;День Военного Разведчика;ru;1;5 ноября;0;День_военного_разведчика
579;1913;511;День рождени актрисы Вивьен Ли;ru;2;5 ноября;0;Вивьен_Ли
580;;611;День предотвращения эксплуатации окружающей среды;ru;1;6 ноября;0;Международный_день_предотвращения_эксплуатации_окружающей_среды_во_время_войны_и_вооружённых_конфликтов
581;;711;День Великой Октябрьской социалистической революции 1917 года;ru;1;7 ноября;16731919;День_Великой_Октябрьской_социалистической_революции
582;;711;День согласия и примирения;ru;2;7 ноября;0;День_согласия_и_примирения
583;1941;711;Парад на Красной площади 1941г;ru;3;7 ноября;0;Парад_на_Красной_площади_7_ноября_1941_года
584;;711;Всемирный день мужчин;ru;4;7 ноября;0;Всемирный_день_мужчин
585;;811;Международный день КВН;ru;1;8 ноября;0;Международный_день_КВН
586;;811;Международный день радиологии;ru;2;8 ноября;0;Международный_день_радиологии
587;;911;День отрядов быстрого реагирования;ru;1;9 ноября;0;День_отрядов_милиции_специального_назначения
588;1938;911;"""Хрустальная ночь""";ru;2;9 ноября;0;Хрустальная_ночь
589;1818;911;День рождения писателя И.Тургенева;ru;3;9 ноября;0;Тургенев,_Иван_Сергеевич
590;;1011;Международный день бухгалтера;ru;1;10 ноября;0;День_бухгалтера
591;;1011;День Милиции;ru;2;10 ноября;0;День_сотрудника_органов_внутренних_дел_Российской_Федерации
592;;1011;Всемирный день молодежи;ru;3;10 ноября;0;Всемирный_день_молодёжи_(ВФДМ)
593;;1011;Всемирный день  науки за мир и развитие;ru;4;10 ноября;0;Всемирный_день_науки_за_мир_и_развитие
594;1974;1111;День рождения актера Леонардо Ди Каприо;ru;1;11 ноября;0;Ди_Каприо,_Леонардо
595;1946;1111;Скончался первый российский нейрохирург Н.Н. Бурденко;ru;2;11 ноября;0;Бурденко,_Николай_Нилович
596;1962;1105;День  рождения актрисы Деми Мур;ru;3;11 ноябра;0;Мур,_Деми
597;;1211;День банковского работника России;ru;1;12 ноября;0;День_банковского_работника_России
598;;1211;Всемирный день качества;ru;2;12 ноября;0;Всемирный_день_качества
599;1929;1211;День рождения актрисы Грейс Келли- княгини Монако;ru;3;12 ноября;0;Келли,_Грейс
600;1935;1211;День рождения актрисы Людмилы Гурченко;ru;4;12 ноября;0;Гурченко,_Людмила_Марковна
601;;1311;Международный день слепых;ru;1;13 ноября;0;Международный_день_слепых
602;1955;1311;День рождения актрисы Вупи Голдберг;ru;2;13 ноября;0;Вупи_Голдберг
603;;1411;Всемирный день борьбы с диабетом;ru;1;14 ноября;0;Всемирный_день_борьбы_с_диабетом
604;;1411;День социолога;ru;2;14 ноября;0;День_социолога
605;1907;1411;День рождения писательницы Астрид Линдгрен;ru;3;14 ноября;0;Линдгрен,_Астрид
606;;1511;Всероссийский День Призывника;ru;1;15 ноября;0;Всероссийский_день_призывника
607;;1511;День памяти жертв дорожно-транспортных проишествий;ru;2;15 ноября;0;Всемирный_день_памяти_жертв_дорожно-транспортных_происшествий
608;;1511;День подразделений по борьбе с организованной преступностью;ru;3;15 ноября;0;Министерство_внутренних_дел_Российской_Федерации
609;;1611;Международный день посвященный терпимости;ru;1;16 ноября;0;Международный_день,_посвящённый_терпимости
610;;1611;Международный день борьбы с анорексией;ru;2;16 ноября;0;Нервная_анорексия
611;;1711;Международный день студентов;ru;1;17 ноября;0;Международный_день_студентов
612;;1711;День участкового полицейского;ru;2;17 ноября;0;День_участковых_уполномоченных_милиции
613;;1711;Международный день недоношенных детей;ru;3;17 ноября;0;Международный_день_недоношенных_детей
614;;1711;День рождения актрисы Софи Марсо;ru;4;17 ноября;0;Марсо,_Софи
615;;1811;День рождения Деда Мороза;ru;1;18 ноября;0;Дед_Мороз
616;;1811;День ГИС;ru;2;18 ноября;0;День_ГИС
617;;1911;Международный мужской день;ru;1;19 ноября;0;Международный_мужской_день
618;;1911;День ракетных войск и артиллерии;ru;2;19 ноября;0;День_ракетных_войск_и_артиллерии_(Россия)
619;;1911;Всемирный день философии;ru;3;19 ноября;0;Всемирный_день_философии
620;;1911;День отказа от курения;ru;4;19 ноября;0;Всемирный_день_без_табака
621;;1911;Всемирный день туалета;ru;5;19 ноября;0;Всемирная_туалетная_организация
622;;2011;Всемирный день ребенка;ru;1;20 ноября;0;Всемирный_день_ребёнка
623;;2011;День памяти трансгендеров;ru;2;20 ноября;0;День_памяти_трансгендеров
624;;2111;День бухгалтера в России;ru;1;21 ноября;0;День_бухгалтера
625;;2111;День Работника Налоговых Органов;ru;2;21 ноября;0;День_работника_налоговых_органов_Российской_Федерации
626;;2111;Всемирный день телевидения;ru;3;21 ноября;0;Всемирный_день_телевидения
627;1963;2111;День рождения писателя Ника Перумова;ru;4;21 ноября;0;Перумов,_Ник
628;1965;2111;День рождения певицы Бьорк;ru;5;21 ноября;0;Бьорк
629;1963;2211;Убийство Джона Кеннеди-35 президента США;ru;1;22 ноября;0;Кеннеди,_Джон_Фицджеральд
630;1801;2211;День рождения ученого В.И. Даля;ru;2;22 ноября;0;Даль,_Владимир_Иванович
631;1984;2211;День рождения актрисы Скарлет Йохансон;ru;3;22 ноября;0;Йоханссон,_Скарлетт
632;1908;2311;День рождения детского писателя Н.Н. Носова;ru;1;23 ноября;0;Носов,_Николай_Николаевич
633;1875;2311;День рождения революционера А.В. Луначарского;ru;2;23 ноября;0;Луначарский,_Анатолий_Васильевич
634;1888;2411;День рождения писателя-психолога Дейла Карнеги;ru;1;24 ноября;0;Карнеги,_Дейл
635;;2511;День борьбы с насилием против женщин;ru;1;25 ноября;0;Международный_день_борьбы_за_ликвидацию_насилия_в_отношении_женщин
636;1844;2511;День  рождения изобретателя Карла Бенца;ru;2;25 ноября;0;Бенц,_Карл
637;;2611;День благодарения в США;ru;1;26 ноября;0;День_благодарения
638;1963;2611;"День рождения ""Спокойной ночи малыши!""";ru;2;26 ноября;0;Спокойной_ночи,_малыши!
639;1939;2611;День рождения певицы Тины Тернер;ru;3;26 ноября;0;Тина_Тёрнер
640;1975;2611;День рождения актера Максима Аверина;ru;4;26 ноября;0;Аверин,_Максим_Викторович
641;;2711;День Морской Пехоты;ru;1;27 ноября;0;День_морской_пехоты
642;;2711;День оценщика;ru;2;27 ноября;0;День_оценщика
643;;2711;Всемирный день отказа от покупок;ru;3;27 ноября;0;День_без_покупок
644;1940;2711;День рождения мастера единоборств Брюса Ли;ru;4;27 ноября;0;Ли,_Брюс
645;2006;2811;Скончалась актриса Л.Полищук;ru;1;28 ноября;0;Полищук,_Любовь_Григорьевна
646;;2911;День матери в России;ru;1;29 ноября;0;День_матери
647;;2911;День солидарности с палестинским народом;ru;2;29 ноября;0;Международный_день_солидарности_с_палестинским_народом
648;1783;2911;Введение буквы Ё в русский алфавит;ru;3;29 ноября;0;Ё
649;1835;3011;День рождения писателя Марка Твена;ru;1;30 ноября;0;Марк_Твен
650;1934;3011;День рождения актера В. М. Невинного;ru;2;30 ноября;0;Невинный,_Вячеслав_Михайлович
651;1800;112;Вашингтон стал столицей Соединенных Штатов Америки;ru;1;1 декабря;0;Вашингтон_(округ_Колумбия)
652;;112;Всемирный день борьбы со СПИДом;ru;2;1 декабря;0;Всемирный_день_борьбы_со_СПИДом
653;1935;112;День рождения кинорежисера Вуди Аллена;ru;3;1 декабря;0;Аллен,_Вуди
654;1805;212;Аустерлицкое сражение;ru;1;2 декабря;0;Битва_под_Аустерлицем
655;;212;День банковского работника России;ru;2;2 декабря;0;День_банковского_работника_России
656;;212;Международный день борьбы за отмену рабства;ru;3;2 декабря;0;Международный_день_борьбы_за_отмену_рабства
657;1981;212;День рождения певицы Бритни Спирс;ru;4;2 декабря;0;Спирс,_Бритни
658;1968;#Н/Д;День рождения актрисы Люси Лью;ru;5; 2 декабря;0;Лью,_Люси
659;;312;День инвалидов;ru;1;3 декабря;0;Международный_день_инвалидов
660;;312;День юриста;ru;2;3 декабря;0;День_юриста
661;;312;День  рождения рок-певца оззи Осборна;ru;3;3 декабря;0;Осборн,_Оззи
662;;412;День Информатики;ru;1;4 декабря;0;Информатика
663;;412;День объятий;ru;2;4 декабря;0;День_объятий
664;1941;512;День воинской славы-начало контр наступлений на Москву 1941;ru;1;5 декабря;0;Дни_воинской_славы_России
665;;512;День добровользев во имя экономического развития;ru;2;5 декабря;0;Международный_день_добровольцев_во_имя_экономического_и_социального_развития
666;1987;512;"День основания группы ""Сектор Газа""";ru;3;5 декабря;0;Сектор_Газа_(группа)
667;;512;"Пожар  в клубе ""Хромая лошадь""";ru;4;5 декабря;0;Пожар_в_клубе_«Хромая_лошадь»
668;1966;512;День рождения актрисы Патрисии Каас;ru;5;5 декабря;0;Каас,_Патрисия
669;1492;612;Открытие Колумбом острова Гаити;ru;1;6 декабря;0;Гаити_(остров)
670;;712;Международный день гражданской авиации;ru;1;7 декабря;0;Международный_день_гражданской_авиации
671;1934;812;День рожденияактрисы  Алисы Фрейндлих;ru;1;8 декабря;0;Фрейндлих,_Алиса_Бруновна
672;1980;812;Убийство певца Джона Леннона;ru;2;8 декабря;0;Леннон,_Джон
673;;912;День Героев Отечества в России;ru;1;9 декабря;0;День_Героев_Отечества
674;;912;Международныйдень борьбы с коррупцией;ru;2;9 декабря;0;Международный_день_борьбы_с_коррупцией
675;;912;День рождения интеллектуал А. Вассерман;ru;3;9 декабря;0;Вассерман,_Анатолий_Александрович
676;1896;1012;Церемония вручения Нобелевских премий;ru;1;10 декабря;0;Нобелевская_премия
677;;1012;День прав человека;ru;2;10 декабря;0;День_прав_человека
678;;1012;Всемирный день футбола;ru;3;10 декабря;0;Футбол
679;;1012;День Андреевского флага;ru;4;10 декабря;0;Андреевский_флаг
680;;1112;Международный день гор;ru;1;11 декабря;0;Международный_день_гор
681;1913;1112;День рождения актера Жана Маре;ru;2;11 декабря;0;Маре,_Жан
682;1918;1112;День рождения писателя А.Солженицина;ru;3;11 декабря;0;Солженицын,_Александр_Исаевич
683;1993;1212;День Конституции РФ;ru;1;12 декабря;0;День_Конституции_Российской_Федерации
684;1925;1212;День рождения композитора В. Шаинского;ru;2;12 декабря;0;Шаинский,_Владимир_Яковлевич
685;;1312;День святого апостола Андрея Первозванного;ru;1;13 декабря;0;Андрей_Первозванный
686;1904;1312;Скончался хирург Н.В. Склифосовский;ru;2;13 декабря;0;Склифосовский,_Николай_Васильевич
687;1989;1412;Скончался физик  А. Д. Сахаров;ru;1;14 декабря;0;Сахаров,_Андрей_Дмитриевич
688;1911;1412;Руаль Амундсена впервые достиг Южного полюса;ru;2;14 декабря;0;Норвежская_антарктическая_экспедиция_(1910—1912)
689;1799;1412;Скончался первый президент США - Джордж Вашингтон;ru;3;14 декабря;0;Вашингтон,_Джордж
690;;1512;Международный день чая;ru;1;15 декабря;0;Международный_день_чая
691;1699;1512;Петр I вводит юлианский календарь;ru;2;15 декабря;0;Юлианский_календарь
692;1791;1512;В США вступает в действие Билль о правах;ru;3;15 декабря;0;Билль_о_правах_(США)
693;1970;1512;Первое успешное приземление на другой планете. Венера-7;ru;4;15 декабря;0;Венера-7
694;1966;1512;Скончался Уолт Дисней;ru;5;15 декабря;0;Дисней,_Уолт
695;;1512;День радиотехнических войск ВВС РФ;ru;6;15 декабря;0;Радиотехнические_войска_ВВС_РФ
696;1964;1512;Скончался лингвист С.И. Ожегов;ru;7;15 декабря;0;Ожегов,_Сергей_Иванович
697;2009;1612;"Скончался ""Динамит"" - В.Е. Турчинский";ru;1;16 декабря;0;Турчинский,_Владимир_Евгеньевич
698;1946;1612;Открытие дома мод Кристиана Диора;ru;2;16 декабря;0;Диор,_Кристиан
699;1770;1612;День рождения композитора Людвиг Ван Бетховена;ru;3;16 декабря;0;Бетховен,_Людвиг_ван
700;;1712;День РВСН. День Военно-Космических Сил;ru;1;17 декабря;0;День_Ракетных_войск_стратегического_назначения
701;;1712;Международный день защиты секс-работниц от насилия;ru;2;17 декабря;0;Международный_день_защиты_секс-работников_от_насилия_и_жестокости
702;1989;1712;"Вышла первая серия  мультсериала ""Симпсоны""";ru;3;17 декабря;0;Симпсоны
703;;1812;День подразделений собственной безопасности МВД РФ;ru;1;18 декабря;0;День_подразделений_собственной_безопасности_органов_внутренних_дел_Российской_Федерации
704;;1812;Международный день мигранта;ru;2;18 декабря;0;Международный_день_мигранта
705;;1812;День работников ЗАГСа в РФ;ru;3;18 декабря;0;ЗАГС
706;1946;1812;День рождения режиссера Стивена Спилберга;ru;4;18 декабря;0;Спилберг,_Стивен
707;1921;1812;День рождения актера Ю. Никулина;ru;5;18 декабря;0;Никулин,_Юрий_Владимирович
708;;1912;День сотрудничества Юг-Юг организаций ООН;ru;1;19 декабря;0;День_сотрудничества_Юг-Юг_Организации_Объединённых_Наций
709;;1912;День святителя Николая Чудотворца;ru;2;19 декабря;0;Николай_Чудотворец
710;;1912;День риэлтора в РФ;ru;3;19 декабря;0;День_риелтора
711;1741;1912;Скончался мореплаватель Витус Беринг;ru;4;19 декабря;0;Беринг,_Витус_Ионассен
712;1915;1912;Скончался психиатр А. Альцгемер;ru;5;19 декабря;0;Альцгеймер,_Алоис
713;;2012;День Работника Органов Государственной Безопасности РФ;ru;1;20 декабря;0;День_работника_органов_безопасности_Российской_Федерации
714;;2012;Международный день солидарности людей;ru;2;20 декабря;0;Международный_день_солидарности_людей
715;1948;2112;День рождения актера Сэмюэл л. Джексона;ru;1;21 декабря;0;Джексон,_Сэмюэл_Лерой
716;2008;2112;Разгон ОМОНом акции протеста во Владивостоке (2008);ru;2;21 декабря;0;Акции_протеста_во_Владивостоке_(2008—2010)
717;;2212;День зимнего солнцестояния;ru;1;22 декабря;0;Равноденствие
718;;2212;День Энергетика;ru;2;22 декабря;0;День_энергетика
719;2000;2212;Установлен памятный день российской гвардии;ru;3;22 декабря;0;Гвардия
720;;2212;День рождения певицы Ванессы Паради;ru;4;22 декабря;0;Паради,_Ванесса
721;;2312;День Дальней Авиации ВВС России;ru;1;23 декабря;0;День_дальней_авиации_ВВС_Российской_Федерации
722;;2412;Сочельник у западных христиан;ru;1;24 декабря;0;Сочельник
723;;2412;День ФАПСИ в РФ;ru;2;24 декабря;0;Федеральное_агентство_правительственной_связи_и_информации_при_Президенте_Российской_Федерации
724;1790;2412;День воинской славы-Взятие турецкой крепости Измаил;ru;3;24 декабря;0;Штурм_Измаила
725;;2412;Создание Ку-Клукс-Клана;ru;4;24 декабря;0;Ку-клукс-клан
726;;2412;День рождения певца Димы Билана;ru;5;24 декабря;0;Билан,_Дима_Николаевич
727;;2512;Рождество Христово у западных христиан;ru;1;25 декабря;0;Рождество_Христово
728;1925;2512;Скончался поэт Сергей Есенин;ru;2;25 декабря;0;Есенин,_Сергей_Александрович
729;1991;2512;Отставка М.Горбачева с поста президента СССР;ru;3;25 декабря;0;Горбачёв,_Михаил_Сергеевич
730;1977;2512;Скончался комик Чарли Чаплин;ru;4;25 декабря;0;Чаплин,_Чарльз
731;1991;2612;Распад СССР;ru;1;26 декабря;0;Распад_СССР
732;1893;2612;День рождения Мао Цзэдуна;ru;2;26 декабря;0;Мао_Цзэдун
733;1949;2612;"День рождения ""Дартаньяна""-М.Боярского";ru;3;26 декабря;0;Боярский,_Михаил_Сергеевич
734;;2712;День Спасателя РФ;ru;1;27 декабря;0;День_спасателя_(Россия)
735;1945;2712;Создание Международного валютного фонда;ru;2;27 декабря;0;Международный_валютный_фонд
736;1948;2712;День рождения актера Жерара Депардье;ru;3;27 декабря;0;Депардьё,_Жерар
737;1971;2712;День рождения актера Сергея Бодрова;ru;4;27 декабря;0;Бодров,_Сергей_Сергеевич
738;;2812;Международный день кино;ru;1;28 декабря;0;Международный_день_кино
739;1954;2812;Родился Дензель Вашингтон;ru;2;28 декабря;0;Вашингтон,_Дензел
740;1969;2812;Родился Линус Торвальдс;ru;3;28 декабря;0;Торвальдс,_Линус
741;1709;2912;Родилась Елизавета, российская императрица;ru;1;29 декабря;0;Елизавета_Петровна
742;;2912;"Создание спецотряда ""Витязь""";ru;2;29 декабря;0;1-й_отряд_специального_назначения_внутренних_войск_«Витязь»
743;2013;2912;Взрыв на железнодорожном вокзале в Волгограде;ru;3;29 декабря;0;Взрыв_на_железнодорожном_вокзале_в_Волгограде
744;2007;2912;Открытие станции метро-Сретенский бульвар;ru;4;29 декабря;0;Сретенский_бульвар_(станция_метро)
745;1922;3012;Образование СССР;ru;1;30 декабря;0;Союз_Советских_Социалистических_Республик
746;1865;3012;Родился Редьярд Киплинг;ru;2;30 декабря;0;Киплинг,_Редьярд
747;2003;3012;Казнен Саддам Хусейн;ru;3;30 декабря;0;Саддам_Хусейн
748;;3112;Канун Нового года;ru;1;31 декабря;0;Канун_Нового_года
749;1999;3112;Борис Ельцин уходит в отставку;ru;2;31 декабря;0;Ельцин,_Борис_Николаевич
750;1968;3112;Первый в мире полет сверхзвукового самолета;ru;3;31 декабря;0;Ту-144
